Geschlecht,PLZ,Stadt,Marke,Modell,Preis,Preisklasse,Kilometerstand
,,,der Audi,A5,18000,3,25000
0,34346,Hann. M√ºnden,die Mercedes-Benz,C-Klasse,17470,3,63452
,,,der Audi,A5,18000,3,29413
,,,die Mercedes-Benz,C-Klasse,17500,3,63000
0,92367,Pilsach,der Audi,A4,22400,4,75000
,,,der Audi,A4,19980,3,78600
,,,die Mercedes-Benz,C-Klasse,21480,4,15000
,,,die Mercedes-Benz,C-Klasse,19490,3,167000
,,,der Audi,RS5,21000,4,26000
,,,die Mercedes-Benz,C-Klasse,21970,4,61596
,,,die Mercedes-Benz,C-Klasse,20650,4,70055
,,,die Mercedes-Benz,C-Klasse,21470,4,19176
,,,der Audi,A4,20800,4,114000
0,92237,Sulzbach-Rosenberg,die Mercedes-Benz,C-Klasse,18470,3,24939
,,,die Mercedes-Benz,C-Klasse,20000,4,15000
,,,der Audi,A4,18645,3,113450
0,88212,Ravensburg,die Mercedes-Benz,C-Klasse,20000,4,15000
,,,der Audi,A4,22490,4,0
,,,die Mercedes-Benz,C-Klasse,19800,3,40720
0,64291,Darmstadt,die Mercedes-Benz,C-Klasse,21499,4,56500
,,,die Mercedes-Benz,C-Klasse,18990,3,128026
,,,der Audi,A5,19999,3,67563
,,,der Audi,A4,18900,3,32000
,,,der Audi,A4,19990,3,112861
,82110,Germering,die Mercedes-Benz,C-Klasse,20000,4,70000
,,,die Mercedes-Benz,C-Klasse,22480,4,47000
,,,die Mercedes-Benz,C-Klasse,19900,3,68000
,,,die Mercedes-Benz,C-Klasse,21990,4,49061
,,,die Mercedes-Benz,C-Klasse,21690,4,74606
,,,die Mercedes-Benz,C-Klasse,19480,3,83794
,,,die Mercedes-Benz,C-Klasse,20500,4,64000
0,36037,Fulda,die Mercedes-Benz,C-Klasse,20000,4,15000
,,,die Mercedes-Benz,C-Klasse,21950,4,42000
0,53113,bonn,die Mercedes-Benz,C-Klasse,19990,3,68000
,,,die Mercedes-Benz,C-Klasse,19233,3,63150
,,,die Mercedes-Benz,C-Klasse,18995,3,219000
,,,die Mercedes-Benz,C-Klasse,20990,4,146000
,,,die Mercedes-Benz,C-Klasse,36480,6,15545
,,,die Mercedes-Benz,C-Klasse,34850,6,200
,42369,Wuppertal,der Audi,A5,35500,6,32000
,15831,Mahlow,der Audi,A5,33900,6,18000
0,53757,Sankt Augustin,der Audi,A6,18200,3,138000
,,,die Mercedes-Benz,E-Klasse,18563,3,121500
,,,die Mercedes-Benz,E-Klasse,18480,3,107100
,,,die Mercedes-Benz,E-Klasse,17950,3,175000
,,,die Mercedes-Benz,E-Klasse,19200,3,32433
0,73450,Neresheim,der Audi,A6,19900,3,154000
,,,der Audi,RS6,20000,4,55000
,,,der Audi,RS6,20000,4,55000
,,,der Audi,A6,19600,3,141400
,,,der Audi,A6,20670,4,79030
,,,der Audi,A6,20900,4,173500
,,,der Audi,A6,20670,4,79030
,,,die Mercedes-Benz,E-Klasse,20900,4,25000
,,,der Audi,A6,22490,4,58500
,,,der Audi,A6,25830,5,121950
,,,der Audi,A6,24930,4,93619
,,,die Mercedes-Benz,E-Klasse,21200,4,117305
,55130,Mainz,der Audi,A6,26499,5,99366
,,,der Jaguar,XF,21820,4,68400
,,,die Mercedes-Benz,E-Klasse,24999,4,62000
,,,die Mercedes-Benz,E-Klasse,21502,4,78400
,,,der Audi,A6,25830,5,97444
,,,der Audi,A6,24500,4,106000
0,37081,G√∂ttingen,die Mercedes-Benz,E-Klasse,22990,4,61690
0,73614,Schorndorf,die Mercedes-Benz,E-Klasse,23650,4,140100
,,,der Jaguar,XF,24950,4,110092
,,,die Mercedes-Benz,E-Klasse,26000,5,59000
,,,der Jaguar,XF,21770,4,68450
,,,der Audi,A6,24802,4,65887
,,,der Lexus,RX 450h,23489,4,76000
,,,die Mercedes-Benz,G-Klasse,24990,4,26400
,,,die Mercedes-Benz,G-Klasse,25890,5,7950
,,,die Mercedes-Benz,G-Klasse,27880,5,12712
,,,die Mercedes-Benz,G-Klasse,27650,5,49000
,,,der Lexus,RX 450h,33000,6,51000
,,,der Audi,RS3,34400,6,59100
,,,die Mercedes-Benz,A-Klasse,34900,6,74136
,,,die Mercedes-Benz,A-Klasse,35490,6,24597
,,,die Mercedes-Benz,E-Klasse,36500,6,63000
,,,der Audi,A6,34436,6,8705
,,,der Audi,A6,36900,6,9856
,,,der Audi,A6,35780,6,36892
,,,die Mercedes-Benz,E-Klasse,34790,6,28012
0,45711,Datteln,die Mercedes-Benz,E-Klasse,35825,6,27750
,,,die Mercedes-Benz,E-Klasse,38000,6,10
,,,die Mercedes-Benz,G-Klasse,33990,6,15001
,,,der Land Rover,Range Rover Sport,19100,3,124000
,,,der Audi,Q3,19500,3,53000
,,,der Audi,Q5,19560,3,38500
,,,der Audi,Q3,25900,5,41600
,,,der Land Rover,Range Rover Evoque,22450,4,37686
,,,der Porsche,Macan,20200,4,18000
,,,die Mercedes-Benz,M-Klasse,19999,3,203343
,,,der Audi,Q7,23000,4,117000
,,,der Audi,Q5,20300,4,110000
0,59192,Bergkamen,die Mercedes-Benz,M-Klasse,20900,4,98000
,,,der Porsche,Cayenne,24950,4,141000
,,,der Land Rover,Range Rover,19900,3,149000
0,60385,frankfurt,der Porsche,Cayenne,24800,4,180000
,,,der Porsche,Cayenne,21950,4,288829
,,,der Land Rover,Range Rover Evoque,23500,4,71000
,,,der Land Rover,Discovery,24999,4,110000
,,,der Porsche,Cayenne,19950,3,59000
,,,der Volvo,XC60,25780,5,75766
,,,der Land Rover,Range Rover Evoque,23800,4,62500
,,,der Land Rover,Range Rover Evoque,19990,3,115789
,,,der Audi,Q5,24990,4,115900
,,,der Land Rover,Range Rover Evoque,23985,4,45000
,,,der Land Rover,Range Rover Evoque,22500,4,42000
,,,der Audi,A6,27989,5,18274
,,,der Audi,A6,28800,5,85000
,,,der Audi,A6,31870,6,55000
,,,der Jaguar,XF,31500,6,45000
,,,der Audi,A3,5000,1,118000
,,,der Audi,A3,5000,1,59000
,,,der Audi,A3,5000,1,83000
,,,der Audi,A3,5100,1,87000
,,,der Audi,A3,5100,1,87000
,,,der Audi,A3,5000,1,100000
,,,die Mercedes-Benz,A-Klasse,5000,1,53000
,,,der Audi,A3,5000,1,83000
,,,die Mercedes-Benz,A-Klasse,5000,1,96000
,,,die Mercedes-Benz,A-Klasse,5100,1,60000
,,,die Mercedes-Benz,A-Klasse,5000,1,96000
0,35083,wetter,der Audi,A3,5700,1,177800
,,,der Audi,A3,6450,1,206000
,,,der Volvo,C30,6490,1,118900
,,,der Audi,A3,6000,1,112069
,,,der Audi,A3,6500,1,65000
,,,die Mercedes-Benz,A-Klasse,6500,1,126300
,,,der Audi,A3,5999,1,177000
,,,der Audi,A3,5999,1,115000
,,,der Volvo,C30,6000,1,241054
,94330,salching,der Audi,A3,6500,1,65000
,,,die Mercedes-Benz,A-Klasse,6490,1,119000
0,95152,Selbitz,der Audi,S3,5580,1,194200
,,,der Audi,A3,6500,1,65000
,,,der Audi,A3,6000,1,25000
,,,der Audi,A3,5850,1,142000
,,,der Audi,A3,6500,1,65000
,,,der Volvo,C30,6999,1,146000
,,,der Audi,A3,6750,1,97000
0,10115,Berlin,der Audi,A3,6880,1,160000
,,,der Audi,A3,7000,1,146000
,,,der Audi,A3,5000,1,55650
,,,die Mercedes-Benz,A-Klasse,5000,1,53000
,,,der Audi,A3,5000,1,83000
0,41469,Neuss,der Audi,Q5,28780,5,79158
,,,der Volvo,XC60,36990,6,23000
,,,der Volvo,XC60,33400,6,11699
,,,der Volvo,XC60,29980,5,35569
,,,die Mercedes-Benz,M-Klasse,29900,5,87050
0,61381,Friedrichsdorf,der Audi,Q5,31880,6,39760
,,,der Volvo,XC60,28950,5,79302
,,,der Audi,Q5,30820,6,39330
1,22307,Hamburg,der Audi,Q5,29980,5,1050
,58566,Kierspe,der Porsche,Cayenne,32000,6,149000
,,,der Audi,Q5,35490,6,43885
,,,der Audi,SQ5,39450,6,33553
,,,der Porsche,Cayman,37790,6,41819
,,,der Jaguar,XKR,38950,6,56100
,,,die Mercedes-Benz,G-Klasse,22500,4,36500
,,,der Audi,A1,9990,1,36800
,,,die Mercedes-Benz,A-Klasse,27990,5,18459
,,,die Mercedes-Benz,A-Klasse,23790,4,4800
,,,der Audi,A3,24989,4,20900
0,70372,Stuttgart,die Mercedes-Benz,A-Klasse,24549,4,12997
,,,die Mercedes-Benz,A-Klasse,28000,5,72000
,,,die Mercedes-Benz,A-Klasse,25490,5,8
,,,der Audi,A3,24499,4,16400
0,70372,Stuttgart,der Audi,A3,26999,5,21000
,,,der Audi,A3,24990,4,13500
,,,die Mercedes-Benz,A-Klasse,26990,5,19899
,,,der Audi,S3,29900,5,82000
,,,der Audi,A3,28750,5,2695
,,,die Mercedes-Benz,G-Klasse,8400,1,74800
,,,die Mercedes-Benz,G-Klasse,8000,1,40000
,,,der Lexus,RX 450h,9000,1,93800
0,70327,Stuttgart,die Mercedes-Benz,G-Klasse,9100,1,72000
,,,die Mercedes-Benz,G-Klasse,10150,2,172000
,,,der Audi,S3,32400,6,27200
,,,der Porsche,Cayenne,17990,3,127677
,,,die Mercedes-Benz,G-Klasse,18000,3,219500
,,,der Audi,Q3,17900,3,70000
,,,der Audi,Q5,17330,3,105517
,,,die Mercedes-Benz,G-Klasse,17400,3,157100
,,,die Mercedes-Benz,M-Klasse,17100,3,74000
,,,der Audi,Q3,17500,3,65600
,,,die Mercedes-Benz,M-Klasse,18990,3,122500
,,,die Mercedes-Benz,G-Klasse,18700,3,165500
,,,der Audi,A1,16730,3,5089
,,,die Mercedes-Benz,A-Klasse,11550,2,37000
,,,der Audi,A3,11500,2,39950
,,,der Audi,A1,18890,3,8200
,,,die Mercedes-Benz,C-Klasse,5000,1,109000
,,,der Audi,A5,5000,1,141000
,,,die Mercedes-Benz,C-Klasse,5000,1,329000
,,,die Mercedes-Benz,C-Klasse,5000,1,109000
0,88079,Kressbronn,der Porsche,Panamera,29980,5,154800
,,,die Mercedes-Benz,S-Klasse,28000,5,26000
,,,der Audi,A8,29995,5,130000
,,,die Mercedes-Benz,S-Klasse,28000,5,26000
,,,die Mercedes-Benz,S-Klasse,28000,5,26000
,,,der Porsche,Panamera,29889,5,131000
,,,die Mercedes-Benz,C-Klasse,29990,5,61800
0,40472,D√ºsseldorf,die Mercedes-Benz,C-Klasse,32990,6,26850
,,,der Tesla,Model S,34950,6,201704
0,9394,Hohndorf,der Tesla,Model S,37999,6,57224
,,,der Tesla,Model S,36500,6,57224
,,,der Porsche,Panamera,35000,6,10500
,,,der Porsche,Panamera,35000,6,10500
0,73230,Kirchheim unter Teck,der Porsche,Panamera,35000,6,10500
,,,der Porsche,Panamera,35000,6,10500
,,,die Mercedes-Benz,A-Klasse,8400,1,80000
0,4249,leipzig,der Audi,A3,8655,1,57893
,,,die Mercedes-Benz,A-Klasse,8750,1,98000
,,,der Audi,A3,8410,1,48500
,,,der Audi,A3,8655,1,57893
,,,der Audi,A3,8900,1,110000
,,,die Mercedes-Benz,A-Klasse,8900,1,54861
,71116,G√§rtringen,der Audi,A3,8900,1,123000
,,,der Audi,A3,9000,1,99378
,,,der Audi,A3,9200,1,63000
,,,die Mercedes-Benz,A-Klasse,9500,1,37000
0,85092,Lenting,der Audi,S3,9999,1,164520
0,81479,M√ºnchen,der Audi,A3,10200,2,26500
,,,der Audi,A3,10110,2,72332
,,,die Mercedes-Benz,A-Klasse,9500,1,37000
,,,der Audi,A3,10000,2,62000
,,,die Mercedes-Benz,A-Klasse,9500,1,37000
,,,die Mercedes-Benz,A-Klasse,9500,1,37000
,,,der Audi,A3,9800,1,88000
,,,der Audi,A3,9800,1,91300
,,,die Mercedes-Benz,A-Klasse,9500,1,37000
,,,die Mercedes-Benz,A-Klasse,9500,1,37000
,,,der Audi,A3,10750,2,89102
,,,der Audi,A3,11100,2,49000
,,,die Mercedes-Benz,A-Klasse,10390,2,44863
,,,die Mercedes-Benz,A-Klasse,11080,2,62000
,,,der Audi,A3,10899,2,49635
,,,der Audi,A3,11100,2,22300
,,,die Mercedes-Benz,A-Klasse,10840,2,59000
,,,die Mercedes-Benz,S-Klasse,17990,3,53000
,,,die Mercedes-Benz,S-Klasse,19000,3,160000
0,64293,Darmstadt,der Porsche,911,18500,3,265000
,,,der Audi,TTS,18980,3,118917
,,,der Porsche,911,19500,3,79685
,,,der Porsche,911,19500,3,79685
,,,der Porsche,911,19500,3,79685
,,,der Porsche,911,19500,3,79680
0,80999,muenchen,der Porsche,Boxster,20999,4,52000
,,,der Porsche,Cayman,22500,4,79500
,,,die Mercedes-Benz,S-Klasse,23500,4,166194
,,,der Porsche,Boxster,23900,4,45062
,,,der Porsche,911,23900,4,175000
,,,die Mercedes-Benz,S-Klasse,23950,4,69280
,,,der Porsche,911,27000,5,70000
,,,der Audi,TT,26850,5,68372
,,,der Audi,TT,29490,5,37786
,,,der Porsche,911,34391,6,29300
,,,der Porsche,911,31850,6,177027
,,,die Mercedes-Benz,G-Klasse,18990,3,53456
,,,der Audi,Q5,26950,5,52700
,,,der Land Rover,Range Rover Evoque,27440,5,19644
,12051,berlin,der Volvo,XC60,26000,5,42000
,,,der Audi,Q3,26500,5,17000
,,,der Porsche,Cayenne,26799,5,106500
,,,die Mercedes-Benz,A-Klasse,8000,1,84000
,,,die Mercedes-Benz,A-Klasse,7350,1,98000
,,,der Audi,A3,7990,1,315883
,,,der Lexus,CT 200h,8000,1,149000
,,,der Audi,A3,7490,1,178600
,,,die Mercedes-Benz,A-Klasse,8000,1,27000
,,,der Audi,A1,8000,1,139500
,,,der Audi,A1,7950,1,169189
0,59067,Hamm,der Audi,A1,8500,1,87100
,,,der Audi,A1,8580,1,52480
0,34292,Ahnatal,der Audi,A1,8580,1,52480
,,,der Audi,A1,8495,1,135857
,,,der Audi,A1,9100,1,13500
,,,der Audi,A1,9110,1,31100
,,,der Audi,A1,9500,1,90000
,,,der Audi,A1,9490,1,98000
,,,der Audi,A1,31480,6,0
,76307,Karlsbad,der Audi,S1,23950,4,24060
,,,der Audi,A1,25990,5,10
,,,der Audi,A1,27850,5,4860
,,,der Audi,A1,5400,1,77286
,,,der Audi,A1,5400,1,63965
,,,der Audi,A1,5300,1,187000
,,,der Audi,A1,6000,1,67000
,,,der Audi,A1,6000,1,67000
,,,der Audi,A1,6000,1,17000
,,,der Audi,A1,6000,1,150000
,,,der Audi,A1,6000,1,67000
,,,der Audi,A1,6000,1,90635
,64678,Lindenfels,der Audi,A1,6000,1,67000
,30161,Hannover,der Audi,A1,7100,1,38900
,,,der Audi,A1,7100,1,38900
,,,der Audi,A1,7000,1,29900
,,,der Audi,A1,7100,1,38900
,,,der Audi,A1,7100,1,38900
,,,der Audi,A1,7000,1,29900
,,,der Audi,A1,7000,1,29900
,,,der Audi,A1,7000,1,29900
,,,der Audi,A1,7000,1,29900
,,,der Audi,A1,7000,1,29900
,,,der Audi,A1,7550,1,103792
,,,der Audi,A1,21490,4,2937
,,,der Audi,A6,12650,2,67000
,,,der Lexus,GS 450h,13990,2,172000
,,,die Mercedes-Benz,E-Klasse,13700,2,82000
,,,der Jaguar,XF,13500,2,49800
,,,der Audi,A6,13990,2,232352
,,,der Audi,A6,13900,2,113000
,,,die Mercedes-Benz,E-Klasse,14500,2,187000
,,,der Audi,A6,15000,3,139855
,,,der Audi,A6,15000,3,89000
,,,der Audi,A6,15000,3,139855
,,,der Audi,A6,14950,2,70487
,47804,Krefeld,die Mercedes-Benz,E-Klasse,14900,2,185665
0,80939,M√ºnchen,der Audi,A6,14900,2,53500
,,,die Mercedes-Benz,E-Klasse,15000,3,120000
,,,die Mercedes-Benz,E-Klasse,16550,3,30377
,,,der Volvo,V70,16490,3,145823
,,,der Audi,A6,16899,3,178100
,,,der Audi,RS6,17500,3,48350
,,,die Mercedes-Benz,G-Klasse,36780,6,17915
,,,der Audi,A4,39650,6,17500
,,,die Mercedes-Benz,C-Klasse,39990,6,16826
,,,der Audi,A6,8890,1,128000
,,,der Jaguar,XF,7900,1,110000
,,,der Audi,A6,8000,1,64713
,,,der Jaguar,XF,9600,1,149700
,40789,Monheim,der Audi,A6,8650,1,145800
0,34560,Fritzlar-Ungedanken,die Mercedes-Benz,E-Klasse,9300,1,185000
0,56170,Bendorf,die Mercedes-Benz,E-Klasse,8300,1,145840
,,,der Volvo,V70,9600,1,140000
,,,die Mercedes-Benz,E-Klasse,9000,1,203000
,,,der Audi,A6,9000,1,185000
,,,die Mercedes-Benz,E-Klasse,8990,1,79000
,,,die Mercedes-Benz,E-Klasse,8300,1,145840
0,47228,Duisburg,der Audi,A6,9800,1,95700
,,,die Mercedes-Benz,G-Klasse,18490,3,76734
,,,der Audi,A5,15200,3,35000
,,,die Mercedes-Benz,C-Klasse,17000,3,6000
,,,der Audi,A5,15999,3,47400
,,,die Mercedes-Benz,C-Klasse,15799,3,70000
,,,der Volvo,V60,14900,2,69350
,,,der Audi,A5,15000,3,1750
,,,die Mercedes-Benz,C-Klasse,16800,3,29860
,,,der Volvo,V40,14990,2,57802
,,,der Audi,A5,15200,3,35000
,,,die Mercedes-Benz,C-Klasse,15500,3,150225
,44793,Bochum,die Mercedes-Benz,C-Klasse,16800,3,29890
,,,die Mercedes-Benz,C-Klasse,17100,3,48000
,,,die Mercedes-Benz,C-Klasse,16800,3,34590
0,77933,Lahr,die Mercedes-Benz,C-Klasse,15850,3,99400
,,,der Audi,A5,14900,2,91000
,,,der Audi,A4,16500,3,86332
,,,die Mercedes-Benz,C-Klasse,17000,3,6000
,,,der Volvo,V40 Cross Country,16950,3,20748
,,,die Mercedes-Benz,C-Klasse,16800,3,34590
,,,die Mercedes-Benz,C-Klasse,17000,3,6000
,,,die Mercedes-Benz,C-Klasse,15450,3,118278
,,,der Audi,A5,15000,3,34500
,,,der Audi,A4,15850,3,152000
,,,der Audi,A4,16999,3,89300
,,,die Mercedes-Benz,C-Klasse,24999,4,193200
,,,der Audi,A8,25490,5,92558
,,,die Mercedes-Benz,E-Klasse,10155,2,73300
,,,die Mercedes-Benz,E-Klasse,9990,1,99895
,,,der Jaguar,XF,11000,2,69000
,,,der Lexus,GS 300,10999,2,38500
,,,die Mercedes-Benz,E-Klasse,10900,2,107100
,,,die Mercedes-Benz,E-Klasse,10900,2,107100
0,30165,Hannover,der Audi,A6,10810,2,90000
,,,die Mercedes-Benz,E-Klasse,11250,2,175200
,,,der Audi,A6,11480,2,220500
,,,der Audi,A6,12000,2,134000
,,,die Mercedes-Benz,E-Klasse,12500,2,12300
,,,die Mercedes-Benz,E-Klasse,12500,2,12300
,,,die Mercedes-Benz,C-Klasse,11800,2,145000
,,,die Mercedes-Benz,C-Klasse,11800,2,145000
,72285,Freudenstadt,die Mercedes-Benz,C-Klasse,11800,2,145000
,,,der Audi,A5,11999,2,8000
,,,der Audi,A5,11900,2,142000
,,,die Mercedes-Benz,C-Klasse,12000,2,29580
,,,der Audi,A4,12000,2,100494
,,,der Audi,A4,11950,2,122596
0,72760,Reutlingen,die Mercedes-Benz,C-Klasse,12750,2,45800
0,52355,D√ºren,der Audi,A4,12850,2,198000
,,,die Mercedes-Benz,C-Klasse,12500,2,51000
,,,der Audi,A4,13200,2,82000
,,,die Mercedes-Benz,C-Klasse,12650,2,98399
,,,die Mercedes-Benz,C-Klasse,12800,2,139000
,,,der Audi,A4,12580,2,104590
,,,der Audi,A4,12900,2,119000
,,,die Mercedes-Benz,C-Klasse,12500,2,51000
,,,die Mercedes-Benz,C-Klasse,12650,2,98399
,,,der Audi,A4,12900,2,87700
0,44865,Bochum,die Mercedes-Benz,C-Klasse,13650,2,162530
,,,der Audi,A5,13600,2,108800
,,,der Audi,A4,13980,2,75730
,,,die Mercedes-Benz,C-Klasse,13980,2,75000
,,,der Audi,A4,13890,2,149870
,,,der Audi,A5,13900,2,136000
0,63834,Sulzbach am Main,der Audi,A4,13900,2,101000
,,,die Mercedes-Benz,C-Klasse,13880,2,66822
,,,die Mercedes-Benz,C-Klasse,14440,2,49500
0,94130,Passau,die Mercedes-Benz,C-Klasse,14350,2,182000
,,,der Audi,A5,14800,2,145996
,,,die Mercedes-Benz,C-Klasse,14800,2,20500
,,,der Audi,A4,14800,2,176000
,,,die Mercedes-Benz,G-Klasse,15850,3,173455
,,,die Mercedes-Benz,G-Klasse,16200,3,130000
,,,die Mercedes-Benz,G-Klasse,17100,3,58000
,,,der Lexus,RX 350,17200,3,84067
,,,die Mercedes-Benz,G-Klasse,16980,3,118190
0,13435,Berlin,der Audi,A4,5400,1,146800
,,,der Audi,A4,5400,1,55000
0,8112,Wilkau-Ha√ülau,die Mercedes-Benz,C-Klasse,5800,1,175000
,,,der Volvo,V40,6000,1,126000
,,,die Mercedes-Benz,C-Klasse,5990,1,145154
,,,der Audi,A4,6100,1,141000
,,,der Audi,A4,6200,1,156300
,,,die Mercedes-Benz,C-Klasse,5990,1,115550
,,,der Audi,A4,6000,1,128000
,,,der Volvo,V40,6000,1,126000
,,,die Mercedes-Benz,C-Klasse,6100,1,148000
,,,die Mercedes-Benz,C-Klasse,6000,1,146200
,84431,Heldenstein,der Audi,A4,6800,1,118900
,,,die Mercedes-Benz,C-Klasse,7000,1,140897
,,,der Audi,A4,6999,1,259300
,,,die Mercedes-Benz,C-Klasse,7000,1,130000
,,,die Mercedes-Benz,C-Klasse,6500,1,213000
,,,der Audi,A5,7000,1,40927
,,,die Mercedes-Benz,C-Klasse,7000,1,130000
,,,der Volvo,V40,6772,1,100000
,,,der Volvo,V60,6800,1,200000
,,,die Mercedes-Benz,C-Klasse,6450,1,113071
,,,der Audi,A4,6999,1,153690
,,,der Audi,A4,7150,1,86000
,,,der Audi,A4,6450,1,254000
0,55138,mainz,der Audi,A4,6666,1,113000
,,,die Mercedes-Benz,C-Klasse,6789,1,176322
,,,der Audi,A4,7350,1,83200
,,,der Audi,A4,7271,1,143540
,,,der Audi,A4,7500,1,128000
,,,der Audi,A4,7500,1,115000
,,,der Audi,A5,8000,1,70800
,,,der Audi,A4,7600,1,210000
,,,der Audi,A5,7900,1,97700
,,,der Audi,A5,8000,1,110000
,,,der Audi,A5,8000,1,136000
,,,der Volvo,V60,7900,1,109970
,,,die Mercedes-Benz,C-Klasse,8000,1,140000
,,,der Audi,A5,8750,1,161000
,,,die Mercedes-Benz,C-Klasse,8500,1,199600
,,,der Audi,A5,8200,1,112100
,,,die Mercedes-Benz,C-Klasse,8000,1,90500
,,,der Audi,A4,8890,1,157670
0,59368,Werne,die Mercedes-Benz,C-Klasse,8500,1,149400
,,,der Volvo,V60,8794,1,155762
0,50829,K√∂ln,der Audi,A5,8000,1,70800
,,,der Audi,A5,8400,1,75000
,,,der Audi,A4,7650,1,98000
0,93173,Wenzenbach,der Volvo,S60,8000,1,105000
,,,der Volvo,V40,8250,1,150000
,,,die Mercedes-Benz,C-Klasse,7900,1,33863
,,,die Mercedes-Benz,C-Klasse,8000,1,140000
,,,der Audi,A5,9200,1,88000
,,,der Audi,A4,9000,1,35000
,,,der Audi,A4,9000,1,35000
,,,die Mercedes-Benz,C-Klasse,8450,1,136600
,,,der Audi,A5,7600,1,100000
,,,der Audi,A4,7800,1,112840
,,,die Mercedes-Benz,C-Klasse,8990,1,110000
,,,die Mercedes-Benz,C-Klasse,8000,1,90500
,,,der Audi,A4,9200,1,178000
,,,die Mercedes-Benz,C-Klasse,8500,1,53700
,,,die Mercedes-Benz,C-Klasse,8250,1,69900
,,,der Audi,A4,7999,1,194000
,,,die Mercedes-Benz,C-Klasse,8000,1,93400
,,,der Audi,A4,9200,1,137500
,,,der Audi,A4,8749,1,150000
,,,die Mercedes-Benz,C-Klasse,9000,1,113000
0,45657,Recklinghausen,der Audi,A5,9300,1,77500
,,,der Audi,A4,9000,1,95585
,,,der Audi,A4,8350,1,159998
,,,der Audi,A4,8480,1,163854
,,,die Mercedes-Benz,C-Klasse,8900,1,10000
0,77704,Oberkirch,die Mercedes-Benz,C-Klasse,8300,1,98399
,,,der Audi,A4,10000,2,155000
,,,der Audi,A5,10000,2,105487
,,,die Mercedes-Benz,C-Klasse,10200,2,50000
0,79110,Freiburg im Breisgau,die Mercedes-Benz,C-Klasse,10001,2,128000
,,,die Mercedes-Benz,C-Klasse,9999,1,160000
,,,die Mercedes-Benz,C-Klasse,9500,1,195000
,,,die Mercedes-Benz,C-Klasse,9750,1,213000
,,,der Audi,A4,9800,1,150000
,,,der Audi,A4,9990,1,179365
,,,die Mercedes-Benz,C-Klasse,10200,2,50000
,,,der Audi,A4,9800,1,96000
,,,der Audi,A5,9850,1,171700
,,,der Volvo,V60,10000,2,190000
,,,die Mercedes-Benz,C-Klasse,10001,2,128000
0,89098,Freiburg,die Mercedes-Benz,C-Klasse,10001,2,128000
,,,der Volvo,V60,9790,1,160200
,,,der Audi,A4,9900,1,79500
,,,der Audi,A4,9900,1,39000
,,,die Mercedes-Benz,C-Klasse,10200,2,42909
,,,die Mercedes-Benz,C-Klasse,10200,2,50000
,,,die Mercedes-Benz,C-Klasse,10450,2,79000
,,,der Audi,A4,10800,2,48520
,12487,Berlin,die Mercedes-Benz,C-Klasse,11000,2,42909
,,,der Audi,S5,10225,2,111000
,,,die Mercedes-Benz,C-Klasse,11300,2,197100
,,,die Mercedes-Benz,C-Klasse,11000,2,80187
,26489,Ochtersum,die Mercedes-Benz,C-Klasse,10580,2,615000
,,,die Mercedes-Benz,C-Klasse,10440,2,132340
,,,der Audi,A4,10850,2,100514
,,,die Mercedes-Benz,C-Klasse,10344,2,49000
,,,der Audi,A4,11000,2,148700
,,,der Audi,A4,10800,2,48520
,,,der Audi,A4,10800,2,48520
,,,der Audi,A4,10950,2,205000
,,,der Audi,A4,10800,2,48520
,,,der Volvo,V60,11500,2,107545
,35415,Pohlheim,die Mercedes-Benz,S-Klasse,21995,4,99872
0,83471,Berchtesgaden,die Mercedes-Benz,C-Klasse,22670,4,92862
,,,der Audi,A7,22900,4,43000
,,,die Mercedes-Benz,S-Klasse,24000,4,83450
,,,die Mercedes-Benz,M-Klasse,8700,1,192000
,,,der Audi,Q7,8800,1,227500
,,,der Audi,Q5,8400,1,138000
,13409,Berlin,der Audi,Q7,8650,1,150000
,,,der Volvo,XC60,8850,1,59033
0,30938,Th√∂nse,die Mercedes-Benz,M-Klasse,8950,1,165974
,,,der Porsche,Cayenne,9000,1,150000
,,,der Porsche,Cayenne,9000,1,260000
,,,der Land Rover,Range Rover Sport,9400,1,182000
,,,die Mercedes-Benz,M-Klasse,9850,1,106000
,,,der Audi,Q5,9850,1,54700
,,,der Audi,Q7,9800,1,144500
,,,der Audi,Q7,9800,1,144000
,,,der Audi,Q7,9800,1,144500
,,,der Audi,Q5,10350,2,94580
,,,der Audi,SQ5,11000,2,119000
,,,der Volvo,XC60,11420,2,91000
0,75305,Neuenb√ºrg,die Mercedes-Benz,M-Klasse,11000,2,190000
,,,der Volvo,XC60,11420,2,91000
,,,der Land Rover,Discovery,10950,2,142000
,,,der Audi,Q5,11499,2,220000
,,,der Audi,Q3,12160,2,47000
,,,der Audi,Q5,11990,2,150000
,,,der Land Rover,Range Rover,11950,2,1
0,13057,Berlin,die Mercedes-Benz,M-Klasse,11950,2,93000
,93476,Blaibach,der Porsche,Cayenne,12500,2,148000
,,,die Mercedes-Benz,M-Klasse,12680,2,88000
,,,der Volvo,XC60,15999,3,85375
,,,die Mercedes-Benz,G-Klasse,15500,3,88000
,,,der Volvo,XC60,15440,3,83507
,,,der Audi,Q7,15000,3,65000
,,,der Audi,SQ5,16000,3,57642
,,,der Volvo,XC60,14600,2,15288
,,,der Audi,Q7,16000,3,46000
,,,die Mercedes-Benz,M-Klasse,13890,2,216500
,,,die Mercedes-Benz,G-Klasse,15800,3,149560
,,,der Audi,Q7,15000,3,61250
0,65933,Frankfurt am Main,der Audi,Q7,15000,3,65000
,,,die Mercedes-Benz,G-Klasse,16000,3,62500
,,,der Porsche,Cayenne,13900,2,129000
,,,der Audi,Q5,16300,3,97000
,,,der Audi,Q7,15000,3,61250
,,,der Land Rover,Range Rover Sport,15500,3,229000
,,,der Audi,Q5,16000,3,121000
,,,der Audi,Q5,15900,3,107000
,,,der Audi,Q5,13900,2,126000
,,,der Audi,Q7,15000,3,61250
,,,der Audi,Q7,15000,3,65000
,,,die Mercedes-Benz,G-Klasse,16000,3,62500
,,,der Audi,Q7,14690,2,195585
,,,der Volvo,XC90,6100,1,268000
,,,die Mercedes-Benz,M-Klasse,5800,1,122000
,,,der Land Rover,Range Rover Evoque,7000,1,99850
,,,der Volvo,XC60,6000,1,75818
,,,der Land Rover,Range Rover Evoque,7000,1,99850
,,,der Porsche,Cayenne,6000,1,148000
,,,die Mercedes-Benz,M-Klasse,7000,1,138000
,,,der Land Rover,Range Rover Sport,5980,1,208550
,,,der Land Rover,Range Rover Evoque,7000,1,117000
,,,die Mercedes-Benz,G-Klasse,12500,2,5000
,,,die Mercedes-Benz,G-Klasse,13200,2,50000
,,,die Mercedes-Benz,G-Klasse,14200,2,141000
,,,die Mercedes-Benz,G-Klasse,13880,2,148290
,,,die Mercedes-Benz,G-Klasse,13200,2,41500
,,,die Mercedes-Benz,G-Klasse,14400,2,92000
,,,der Audi,A1,15589,3,3858
,,,der Audi,A1,15840,3,18400
,,,der Audi,A1,15480,3,5919
,,,die Mercedes-Benz,A-Klasse,12900,2,89000
,,,die Mercedes-Benz,A-Klasse,12470,2,77721
,,,der Audi,A3,12000,2,51000
,,,der Audi,A3,12900,2,79046
,,,der Audi,A3,11880,2,108000
0,66701,Beckingen,der Audi,A3,14490,2,51399
,,,die Mercedes-Benz,A-Klasse,13900,2,65000
,,,der Audi,A3,14500,2,148882
,,,der Audi,A3,13980,2,119400
,,,der Audi,S3,14000,2,43000
0,63069,Offenbach am Main,der Audi,A3,14390,2,24639
,,,der Audi,A3,17980,3,33400
,,,der Audi,A3,16419,3,63872
0,60386,Frankfurt am Main,der Audi,A3,16900,3,48892
0,30827,Garbsen,der Audi,A3,18000,3,42000
,,,die Mercedes-Benz,A-Klasse,17890,3,9553
,,,der Audi,A3,15999,3,134000
,,,der Audi,S3,17900,3,76000
,,,der Audi,A3,17650,3,41350
,,,die Mercedes-Benz,A-Klasse,14870,2,89800
,,,der Audi,A3,16990,3,66056
,,,der Audi,A3,15990,3,98470
,,,der Audi,A3,16900,3,151235
,,,die Mercedes-Benz,A-Klasse,15700,3,54000
,,,die Mercedes-Benz,A-Klasse,17890,3,9553
0,19406,Dabel,der Audi,A3,19999,3,56000
,,,der Audi,A3,20495,4,11284
,,,der Audi,A3,22790,4,25943
,,,der Audi,A3,18950,3,14585
,,,der Audi,A3,18900,3,47000
,,,der Audi,A1,10290,2,73555
,,,der Audi,A1,10999,2,67895
,,,der Audi,A1,10900,2,88000
,,,der Audi,A1,11350,2,99000
,,,der Audi,A1,11900,2,58000
,,,der Audi,A1,12900,2,36100
,,,der Audi,A1,12250,2,53123
,,,der Audi,A1,11899,2,41921
,,,der Audi,A1,13000,2,17500
,,,der Audi,A1,13000,2,39000
,,,der Audi,A1,11490,2,79295
,,,der Audi,A1,13000,2,70000
,,,die Mercedes-Benz,C-Klasse,36900,6,13300
0,91161,Hilpoltstein,die Mercedes-Benz,C-Klasse,22700,4,89123
,,,der Volvo,V40 Cross Country,22800,4,8400
,,,die Mercedes-Benz,C-Klasse,22939,4,90897
,,,der Audi,A5,22990,4,27400
,,,die Mercedes-Benz,C-Klasse,22890,4,70000
,,,die Mercedes-Benz,C-Klasse,23179,4,48669
,,,die Mercedes-Benz,C-Klasse,23490,4,33974
,,,die Mercedes-Benz,C-Klasse,23935,4,23700
,,,der Audi,A4,23880,4,53488
,,,der Audi,A5,24440,4,21215
0,65604,Elz,der Audi,A4,23985,4,58900
,,,der Lexus,IS 300,24490,4,62600
,,,die Mercedes-Benz,C-Klasse,24850,4,28700
0,59964,Medebach,der Audi,A4,25490,5,27587
,,,die Mercedes-Benz,C-Klasse,24990,4,25780
,,,der Audi,A5,25850,5,57148
,,,die Mercedes-Benz,C-Klasse,27480,5,8163
,,,die Mercedes-Benz,C-Klasse,32990,6,6638
,,,der Audi,A4,28490,5,57414
,,,der Audi,A4,26980,5,6900
,58553,Halver,die Mercedes-Benz,C-Klasse,26000,5,47500
,,,die Mercedes-Benz,C-Klasse,26789,5,24830
,,,die Mercedes-Benz,C-Klasse,26980,5,51422
,,,der Audi,A5,33000,6,25983
,,,der Audi,A5,29980,5,16643
,,,die Mercedes-Benz,C-Klasse,29789,5,13000
,,,der Audi,A4,25900,5,50300
,,,der Audi,RS5,31990,6,78100
,,,der Audi,A4,28990,5,17700
,,,die Mercedes-Benz,C-Klasse,28749,5,16869
,,,der Audi,A4,28650,5,51816
,,,der Audi,A4,29344,5,8747
,,,der Audi,A5,25885,5,49200
,,,die Mercedes-Benz,C-Klasse,25990,5,69644
,,,der Audi,A5,27450,5,27191
,,,die Mercedes-Benz,S-Klasse,19990,3,88000
0,66773,Schwalbach,der Porsche,911,19500,3,79685
,,,der Porsche,911,19500,3,79685
,,,die Mercedes-Benz,M-Klasse,11950,2,93000
,,,der Porsche,Cayenne,13900,2,139871
,,,der Audi,Q7,15000,3,63251
,,,der Audi,Q5,15950,3,96776
,,,die Mercedes-Benz,E-Klasse,10950,2,190000
0,74080,Heilbronn,der Audi,SQ5,34985,6,57534
,,,der Audi,Q7,30990,6,148000
,,,der Audi,Q5,35999,6,23550
,,,die Mercedes-Benz,S-Klasse,24000,4,73520
,,,der Audi,A7,37650,6,108278
,,,die Mercedes-Benz,E-Klasse,29889,5,18600
,,,der Audi,A6,29979,5,15650
,,,der Audi,A6,36950,6,59743
,,,der Audi,Q5,25850,5,22461
,,,der Audi,Q5,23950,4,31600
,,,die Mercedes-Benz,C-Klasse,5500,1,110000
,,,die Mercedes-Benz,C-Klasse,5500,1,102300
,,,der Audi,A4,5450,1,166500
,,,die Mercedes-Benz,C-Klasse,6650,1,119000
,,,die Mercedes-Benz,C-Klasse,7000,1,115961
,,,der Audi,A5,8200,1,112100
,,,der Audi,A5,8000,1,136000
,,,die Mercedes-Benz,C-Klasse,8000,1,90500
,,,die Mercedes-Benz,C-Klasse,10200,2,50000
,,,die Mercedes-Benz,C-Klasse,11300,2,197100
,,,die Mercedes-Benz,C-Klasse,10440,2,132340
,,,die Mercedes-Benz,C-Klasse,12000,2,34580
,,,die Mercedes-Benz,C-Klasse,15500,3,150225
,,,der Audi,A4,15350,3,241300
,,,die Mercedes-Benz,C-Klasse,16800,3,34590
,,,die Mercedes-Benz,C-Klasse,15450,3,118278
0,47249,Duisburg,die Mercedes-Benz,E-Klasse,14980,2,167235
,,,der Audi,A6,15000,3,89000
,,,die Mercedes-Benz,E-Klasse,14980,2,124500
,,,der Audi,A1,5400,1,112000
,,,der Audi,A1,6000,1,82000
,,,der Audi,A1,7100,1,38900
,,,der Audi,A3,7300,1,131563
,,,die Mercedes-Benz,A-Klasse,7900,1,120000
,,,der Audi,A1,8950,1,79001
,,,die Mercedes-Benz,A-Klasse,9500,1,37000
0,73037,G√∂ppingen,der Audi,A1,9950,1,70300
,,,die Mercedes-Benz,A-Klasse,23900,4,2800
,,,der Audi,A3,25960,5,22560
,,,die Mercedes-Benz,C-Klasse,35990,6,10875
0,89073,Ulm,die Mercedes-Benz,C-Klasse,35839,6,29334
,,,die Mercedes-Benz,C-Klasse,34790,6,15900
,,,der Jaguar,XF,20890,4,69183
,,,die Mercedes-Benz,E-Klasse,21490,4,60500
,,,die Mercedes-Benz,E-Klasse,25000,5,96000
,,,die Mercedes-Benz,G-Klasse,23490,4,24798
,,,die Mercedes-Benz,G-Klasse,26900,5,45200
,,,die Mercedes-Benz,A-Klasse,37390,6,30367
0,44227,Dortmund,die Mercedes-Benz,A-Klasse,37550,6,3000
,,,der Audi,A4,21300,4,17675
,,,die Mercedes-Benz,C-Klasse,22490,4,24022
,,,der Audi,RS5,21000,4,26000
,,,die Mercedes-Benz,C-Klasse,22970,4,44511
0,26632,Ihlow,der Audi,A5,24440,4,21215
0,65195,Wiesbaden,der Audi,A5,25800,5,62146
,,,die Mercedes-Benz,C-Klasse,26225,5,25194
,,,der Audi,A5,27820,5,25732
,,,die Mercedes-Benz,C-Klasse,30425,6,8418
,58553,Halver,die Mercedes-Benz,C-Klasse,26000,5,47500
,,,die Mercedes-Benz,C-Klasse,25975,5,9000
,,,die Mercedes-Benz,C-Klasse,33390,6,20609
,,,die Mercedes-Benz,C-Klasse,29989,5,27006
,,,der Audi,A4,27980,5,49986
,,,der Audi,S3,14000,2,43000
,,,der Audi,A3,14980,2,69700
0,51069,K√∂ln,die Mercedes-Benz,A-Klasse,17700,3,16000
,,,die Mercedes-Benz,A-Klasse,19880,3,6040
,,,der Audi,A3,18340,3,37000
,38102,Braunschweig,der Audi,A1,14390,2,54310
,,,Opel,Insignia,5799,1,140000
,,,Volkswagen,Scirocco,5605,1,150000
,,,Volkswagen,Scirocco,5605,1,150000
,65183,wiesbaden,Opel,Insignia,5700,1,93000
0,40668,meerbusch,Volkswagen,Passat,5650,1,131000
,,,Volkswagen,Scirocco,5400,1,128000
,,,Opel,Insignia,5500,1,116000
,,,Opel,Insignia,6150,1,143300
,,,Volkswagen,Passat Variant,5900,1,150000
,,,Volkswagen,Passat CC,6205,1,155600
,,,Volkswagen,Passat,5900,1,200000
,,,Volkswagen,Passat CC,6205,1,155600
,,,Opel,Insignia,6000,1,62800
,,,Volkswagen,Passat CC,6205,1,155600
0,63179,Obertshausen,Mazda,6,7000,1,97000
,84431,Heldenstein,Volkswagen,Passat Alltrack,7200,1,66000
,,,Volkswagen,Passat Variant,6950,1,179896
,,,Volkswagen,Passat Alltrack,7200,1,66000
,,,Volkswagen,Passat,7200,1,136000
,,,Volkswagen,Passat Variant,6999,1,194115
,,,Opel,Insignia,7000,1,165553
,,,Hyundai,Genesis Coupe,7200,1,85000
,,,Honda,Accord,6680,1,146600
0,46286,Dorsten,Opel,Insignia,6700,1,178000
,,,Volkswagen,Passat Variant,7500,1,178700
,,,Volkswagen,Passat,7500,1,69587
,,,Toyota,Avensis,7399,1,84000
,,,Volkswagen,Passat Variant,9000,1,42404
,,,Volkswagen,Passat,8600,1,150300
,,,Volkswagen,Passat Variant,9000,1,42404
,,,Volkswagen,Scirocco,8666,1,132000
,,,Volkswagen,Passat,8850,1,165000
0,86399,Bobingen,Skoda,Superb,9000,1,44000
,,,Volkswagen,Scirocco,8990,1,72005
,40789,Monheim,Skoda,Superb,9000,1,156000
,,,Volkswagen,Passat Variant,7990,1,196000
,,,Volkswagen,Passat Variant,9000,1,42404
,,,Opel,Insignia,8550,1,45000
,,,Volkswagen,Passat Variant,8690,1,188309
,,,Skoda,Superb,9000,1,44000
,,,Toyota,Avensis,7900,1,150000
,,,Honda,Accord,7800,1,173500
,,,Volkswagen,Scirocco,7800,1,103000
,,,Volkswagen,Passat CC,8600,1,189000
,,,Mazda,6,8330,1,76000
,,,Volkswagen,Passat Variant,8200,1,140000
,,,Skoda,Superb,9490,1,80443
,,,Hyundai,i40,9600,1,140000
,,,Opel,Insignia,10000,2,77000
0,89584,Ehingen (Donau),Ford,Mondeo,9600,1,19200
,,,Ford,Mondeo,9600,1,19200
,,,Hyundai,i40,9900,1,106882
0,4157,Leipzig,Skoda,Superb,11400,2,61000
,,,Volkswagen,Passat,10500,2,149000
,45549,sprockh√∂vel,Skoda,Superb,11400,2,61000
,,,Volkswagen,Scirocco,11500,2,45000
,,,Volkswagen,Passat CC,11499,2,75430
,75177,Pforzheim,Volkswagen,Passat CC,11499,2,75430
,,,Volkswagen,Passat Variant,11850,2,118141
0,70771,T√ºbingen-M√∂ssingen,Volkswagen,Passat CC,11800,2,141000
,,,Mazda,6,12000,2,75000
,,,Opel,Insignia,12450,2,99000
,,,Volkswagen,Passat,11899,2,167500
,,,Mazda,6,12000,2,103000
,,,Opel,Insignia,11990,2,95244
,,,Toyota,Avensis,12890,2,33780
,,,Opel,Cascada,13000,2,95100
,,,Toyota,Avensis,12990,2,52000
,,,Honda,Accord,12850,2,22600
,,,Volkswagen,Passat Variant,12690,2,40000
,,,Toyota,Avensis,12990,2,52000
0,42107,Wuppertal,Volkswagen,Passat,12500,2,39500
0,25541,Brunsb√ºttel,Ford,Mondeo,13200,2,29000
,,,Opel,Insignia,13000,2,97000
,,,Volkswagen,Scirocco,12550,2,30000
,,,Volkswagen,Passat Alltrack,12500,2,48500
0,32450,otopeni,Volkswagen,Passat,12500,2,39500
,,,Ford,Mondeo,13200,2,29000
,,,Opel,Cascada,13200,2,19875
,61381,Friedrichsdorf,Volkswagen,Passat Variant,13499,2,105000
0,92318,Neumarkt,Ford,Mondeo,13900,2,150000
,,,Volkswagen,Passat CC,13750,2,85000
,,,Volkswagen,Passat Variant,13490,2,96574
,,,Skoda,Superb,14000,2,84335
,,,Opel,Insignia,13990,2,66045
0,40764,Langenfeld,Kia,Optima,13900,2,65000
0,34431,Marsberg,Volkswagen,Passat,14400,2,3200
,,,Toyota,GT86,24886,4,18200
0,61250,Usingen,Nissan,370Z,30500,6,19000
,,,Volkswagen,Touareg,32990,6,37000
,,,Volkswagen,Tiguan,33470,6,26145
,,,Volkswagen,Tiguan,29410,5,10
,,,Volkswagen,Touareg,34990,6,57789
0,47546,Kalkar,Volkswagen,Touareg,28950,5,90546
0,48301,Nottuln,Volkswagen,Tiguan,29900,5,20000
,,,Volkswagen,Touareg,32900,6,19100
,,,Ford,Kuga,21950,4,29000
,,,Honda,CR-V,8400,1,85000
,,,Toyota,RAV 4,7999,1,294000
,,,Nissan,Qashqai,8490,1,85662
,,,Nissan,Qashqai+2,8499,1,125000
0,31275,lehrte,Honda,CR-V,9000,1,158000
,,,Hyundai,iX35,9340,1,131000
,,,Nissan,Qashqai,9200,1,111861
,,,Opel,Mokka,9000,1,135000
,,,Skoda,Yeti,9499,1,89533
0,72458,Albstadt,Ford,Kuga,12400,2,56599
,,,Mazda,CX-5,10650,2,43000
,,,Suzuki,SX4 S-Cross,11000,2,27000
,,,Hyundai,iX35,11990,2,60000
,,,Nissan,Qashqai,10990,2,77755
,,,Toyota,RAV 4,10350,2,17100
,,,Nissan,Qashqai,11000,2,78000
,,,Nissan,Murano,11770,2,128400
,,,Suzuki,SX4 S-Cross,9900,1,128800
,,,Ford,Kuga,9900,1,70000
,,,Ford,Kuga,9900,1,70000
,,,Hyundai,iX35,9900,1,129000
,,,Volkswagen,Tiguan,17880,3,52957
,,,Hyundai,Santa Fe,17890,3,88090
,,,Toyota,Land Cruiser,18900,3,140000
,,,Suzuki,Vitara,18470,3,65
,,,Volkswagen,Tiguan,18999,3,47464
,,,Volkswagen,Golf,7150,1,128752
,,,Volkswagen,Golf,7150,1,128752
,,,Volkswagen,Tiguan,26975,5,13298
,,,Skoda,Superb,5000,1,27029
,68259,Mannheim,Ford,Mondeo,5000,1,24000
,,,Toyota,Avensis,5055,1,110000
,,,Toyota,Avensis,5000,1,41000
,,,Volkswagen,Passat,5000,1,165233
,,,Mazda,CX-5,19980,3,0
,,,Ford,Kuga,19990,3,0
,,,Nissan,Qashqai,19750,3,50
,29693,Hodenhagen,Mazda,CX-5,19970,3,95511
,,,Opel,Mokka,18990,3,24289
,,,Nissan,Qashqai,18999,3,10300
,,,Ford,EcoSport,18890,3,5000
,,,Mazda,CX-5,18990,3,71999
1,85567,Grafing bei M√ºnchen,Renault,Koleos,7400,1,127000
,,,Nissan,Qashqai,7500,1,97500
,,,Toyota,RAV 4,7700,1,219000
,63571,Gelnhausen,Volkswagen,Polo,10999,2,49500
0,40625,D√ºsseldorf,Renault,Clio,10700,2,30000
,,,Renault,Clio,11200,2,19800
,,,Renault,Clio,11270,2,33100
,,,Volkswagen,Polo,11200,2,47000
,,,Nissan,Juke,11350,2,19350
,,,Skoda,Fabia,11490,2,11
0,65203,Wiesbaden,Opel,Corsa,13200,2,59600
,,,Toyota,Yaris,13800,2,38435
,,,Mazda,2,14480,2,0
,,,Ford,Fiesta,11750,2,29650
,,,Volkswagen,Polo,11849,2,16625
,,,Hyundai,i20,11890,2,13761
,,,Hyundai,i20,14700,2,4500
,,,Renault,Clio,11950,2,19150
,,,Volkswagen,Polo,11980,2,25500
,,,Skoda,Fabia,14600,2,10
0,57074,Siegen,Renault,Clio,12590,2,2
,,,Volkswagen,Polo,13900,2,1200
,,,Hyundai,i20,14290,2,1712
,,,Mazda,2,12690,2,17473
,,,Renault,Clio,14400,2,27000
,,,Renault,Clio,12099,2,0
,,,Renault,Clio,13490,2,5
,,,Skoda,Fabia,12900,2,63215
,,,Skoda,Fabia,13300,2,0
,,,Ford,Fiesta,14888,2,4200
,,,Volkswagen,Polo,15990,3,11100
,,,Honda,Jazz,15898,3,9900
1,75045,Walzbachtal,Hyundai,i20,16375,3,99
,,,Mazda,2,15400,3,5231
,,,Skoda,Octavia,12490,2,78179
,,,Ford,Focus,12999,2,1910
,,,Skoda,Octavia,12970,2,87500
,,,Ford,Focus,13090,2,6091
,,,Opel,Astra,11860,2,18954
,,,Volkswagen,Golf,12490,2,98097
,,,Ford,Focus,12229,2,71806
,,,Skoda,Octavia,11990,2,56700
,,,Mazda,MX-5,13200,2,35000
,,,Skoda,Rapid/Spaceback,12900,2,13500
0,10243,berlin,Volkswagen,Golf,12990,2,25634
0,65205,Wiesbaden,Opel,Astra,12975,2,33900
,,,Volkswagen,Golf,11900,2,125000
,,,Volkswagen,Beetle,13200,2,26000
,,,Volkswagen,Golf,11990,2,43000
,,,Skoda,Octavia,12450,2,97883
,,,Ford,Focus,11850,2,57000
,,,Volkswagen,Golf,13450,2,76000
,,,Hyundai,i30,13950,2,9500
,,,Hyundai,i30,13900,2,9500
,,,Mazda,MX-5,13424,2,24968
,,,Hyundai,i30,14444,2,10
,,,Ford,Focus,14444,2,1156
0,37589,Kalefeld,Volkswagen,Golf,13830,2,31990
,,,Volkswagen,Golf Variant,14600,2,83000
,,,Volkswagen,Golf,13899,2,27400
,,,Toyota,Auris,13470,2,48830
,,,Skoda,Octavia,13500,2,38800
0,92318,neumarkt I.d.opf,Skoda,Octavia,13300,2,75100
,,,Volkswagen,Golf,14500,2,32500
,,,Skoda,Octavia,13980,2,99470
,,,Mazda,3,13890,2,50300
0,79589,Binzen,Volkswagen,Golf,17490,3,13110
,,,Skoda,Octavia,15990,3,46794
,,,Opel,Astra,14990,2,14283
0,66701,Beckingen,Volkswagen,Golf,15000,3,59759
,,,Toyota,Auris,14800,2,49000
,,,Volkswagen,Beetle,15550,3,2863
,49143,Bissendorf,Opel,Astra,16940,3,7637
,,,Opel,Astra,16650,3,31855
,,,Volkswagen,Golf GTI,16200,3,24000
,,,Volkswagen,Golf,14903,2,33950
,,,Volkswagen,Golf,14990,2,87738
1,41812,Erkelenz,Ford,Focus,17900,3,27349
,,,Ford,Focus,14790,2,24506
,95364,Ludwigschorgast,Skoda,Octavia,17930,3,119586
,,,Ford,Focus,15440,3,28601
,,,Volkswagen,Golf GTI,18000,3,8500
,,,Skoda,Octavia,15280,3,100350
,,,Toyota,Auris,15480,3,9100
,,,Volkswagen,Golf,17990,3,17151
0,83209,Prien,Skoda,Octavia,16890,3,64750
,,,Volkswagen,Golf,14900,2,133000
,,,Volkswagen,Golf,15999,3,59000
,,,Volkswagen,Golf,16880,3,53900
,,,Renault,Megane,14982,2,19515
,,,Volkswagen,Golf,15485,3,57049
,,,Ford,Focus,14950,2,28400
,,,Volkswagen,Golf,14990,2,118224
,,,Volkswagen,Golf,17700,3,38000
,,,Hyundai,i30,14800,2,6500
,,,Skoda,Octavia,15500,3,89768
,,,Volkswagen,Golf,15970,3,9400
,,,Volkswagen,Golf Sportsvan,16350,3,25500
,,,Skoda,Octavia,15000,3,102000
,,,Opel,Astra,17450,3,15190
,,,Volkswagen,Beetle,19900,3,58150
1,1257,Dresden,Volkswagen,Beetle,23490,4,1063
,,,Ford,Focus,21910,4,1
0,51065,K√∂ln,Toyota,Auris,19480,3,44136
,,,Volkswagen,Golf GTI,18900,3,11000
,,,Volkswagen,Golf,21695,4,24610
,,,Volkswagen,Golf,22990,4,10
1,24848,Kropp,Volkswagen,Golf Sportsvan,19450,3,12535
,,,Volkswagen,Golf,22950,4,38350
,,,Toyota,Prius,18990,3,14000
0,41466,neuss,Honda,Civic,21400,4,2900
,,,Opel,Astra,19990,3,9750
,,,Ford,Focus,21910,4,1
,,,Volkswagen,Golf,18290,3,45709
,,,Volkswagen,Golf,19000,3,59990
,,,Ford,Focus,22990,4,20380
,,,Skoda,Octavia,19494,3,36500
,,,Volkswagen,Golf,21980,4,89201
,,,Mazda,3,18981,3,1
,,,Ford,Focus,20790,4,15
,,,Hyundai,i30,21590,4,0
,,,Volkswagen,Golf,20600,4,26171
,,,Honda,Civic,19000,3,19700
,45479,M√ºlheim (Ruhr),Nissan,Leaf,18500,3,66000
0,30627,Hannover,Volkswagen,Polo,10250,2,34000
,,,Ford,Kuga,18000,3,20000
,,,Nissan,Qashqai,17990,3,21000
,,,Ford,Kuga,18550,3,17250
,,,Nissan,Qashqai,18557,3,52309
,,,Mazda,CX-5,18550,3,38500
,,,Honda,CR-V,18750,3,91200
,,,Volkswagen,Passat,22990,4,58187
,,,Volkswagen,Passat,24450,4,27990
,,,Mazda,6,24850,4,21190
,,,Opel,Insignia,24950,4,29283
,,,Volkswagen,Passat Variant,25840,5,26754
,,,Volkswagen,Passat Variant,28475,5,13805
,,,Ford,Mondeo,27450,5,20000
0,4769,M√ºgeln,Volkswagen,Passat Variant,28350,5,24410
,,,Opel,Insignia,32990,6,10100
,,,Volkswagen,Passat Variant,29410,5,10
,,,Volkswagen,Passat Variant,31880,6,5000
,,,Volkswagen,Passat,30900,6,6080
,,,Volkswagen,Passat Variant,29950,5,26100
,,,Skoda,Superb,32590,6,18790
,,,Volkswagen,Passat Variant,32980,6,22000
,,,Ford,Mondeo,26000,5,18234
,,,Volkswagen,Passat Variant,25990,5,45928
,,,Volkswagen,Passat Variant,26960,5,22933
0,85354,Freising,Mazda,CX-5,15200,3,154800
,,,Ford,Kuga,14970,2,102587
,,,Suzuki,SX4 S-Cross,17390,3,10
,,,Nissan,Qashqai,16990,3,10754
,,,Ford,Kuga,15900,3,80000
,,,Kia,Sportage,16900,3,28000
,,,Mazda,CX-5,17490,3,64000
,,,Renault,Captur,16451,3,18107
,,,Kia,Sportage,15750,3,39242
,,,Nissan,Qashqai,16350,3,0
,,,Skoda,Yeti,15600,3,25000
0,67390,Mackenheim,Kia,Sportage,16990,3,8333
,,,Ford,Kuga,17493,3,24872
,,,Volkswagen,Passat Variant,17480,3,48727
,,,Volkswagen,Scirocco,17777,3,89000
0,52525,Heinsberg,Opel,Cascada,17650,3,13875
,,,Ford,Mondeo,17990,3,47390
,,,Skoda,Superb,21900,4,15000
,,,Volkswagen,Passat Variant,20480,4,18490
,,,Opel,Insignia,21980,4,30415
,91790,Burgsalach,Mazda,6,20980,4,24873
,,,Ford,Mondeo,19990,3,56782
,,,Volkswagen,Passat,19390,3,28900
,,,Mazda,6,20490,4,15800
,,,Opel,Insignia,20950,4,7189
,,,Toyota,Avensis,18880,3,8429
,,,Ford,Mondeo,22590,4,15460
,,,Volkswagen,Passat Variant,22499,4,7600
,,,Ford,Mondeo,22750,4,11991
,,,Mazda,6,34180,6,0
,,,Nissan,Qashqai,23499,4,0
,,,Ford,Kuga,23950,4,10
,,,Ford,EcoSport,24490,4,10
1,39221,Eickendorf,Mazda,CX-5,24980,4,34787
,,,Ford,Kuga,24990,4,19768
,,,Kia,Sportage,23200,4,0
,,,Ford,Kuga,26260,5,11400
,,,Kia,Sportage,27333,5,32333
,,,Mazda,CX-5,26950,5,10000
,,,Renault,Koleos,29950,5,29800
,,,Kia,Sportage,27999,5,10
,,,Volkswagen,Golf GTI,35980,6,7362
,,,Hyundai,i30,8450,1,99980
,93413,Cham,Volkswagen,Golf Variant,8240,1,135470
1,33758,Schlo√ü Holte - Stukenbrock,Volkswagen,Golf,8100,1,90000
,,,Volkswagen,Golf,8399,1,133000
,,,Skoda,Octavia,8590,1,104100
0,47057,Duisburg,Mazda,3,8400,1,20500
,,,Volkswagen,Golf Variant,8700,1,95000
,,,Volkswagen,Golf Variant,8300,1,80000
,,,Opel,Astra,8380,1,95859
,,,Ford,Focus,8440,1,119854
0,28201,Bremen,Opel,Astra,8250,1,86000
,,,Volkswagen,Golf,8500,1,103700
,,,Volkswagen,Golf,8501,1,690000
,,,Renault,Megane,8500,1,110990
,,,Ford,Focus,8990,1,68300
,,,Volkswagen,Golf,8855,1,84000
,,,Kia,Pro_ceed,9050,1,25557
,,,Ford,Focus,8990,1,68600
,,,Volkswagen,Golf,8900,1,45000
,,,Volkswagen,Golf Plus,8890,1,54000
,,,Volkswagen,Golf,9150,1,131519
,,,Volkswagen,Golf Variant,9000,1,94000
,,,Skoda,Octavia,9280,1,171034
,,,Volkswagen,Golf,9100,1,120500
,,,Volkswagen,Golf Variant,8990,1,114327
,,,Skoda,Octavia,9200,1,44000
,,,Ford,Focus,8990,1,68300
,,,Mazda,3,9490,1,21000
,,,Renault,Megane,9990,1,51935
,,,Mazda,3,9990,1,181000
,,,Hyundai,i30,10295,2,51850
,51105,K√∂ln,Volkswagen,Golf,9500,1,140000
,,,Volkswagen,Golf,10090,2,58000
,,,Renault,Megane,9500,1,125000
,,,Volkswagen,Beetle,9900,1,82683
,,,Volkswagen,Golf,9599,1,116558
,,,Ford,Focus,9990,1,58000
,,,Skoda,Rapid/Spaceback,9750,1,62069
,,,Opel,Astra,9750,1,104710
,,,Volkswagen,Golf,9885,1,105975
,73730,Esslingen,Hyundai,i30,10700,2,28000
,,,Skoda,Rapid/Spaceback,10990,2,63000
,,,Volkswagen,Golf,10800,2,99500
,44143,Dortmund,Toyota,Auris,10790,2,106000
,,,Mazda,3,10800,2,45000
,,,Volkswagen,Golf,10490,2,57465
,,,Ford,Focus,10500,2,93000
,,,Volkswagen,Cross Golf,10800,2,13000
,,,Volkswagen,Golf,10990,2,74000
,,,Honda,Civic,10969,2,27780
,,,Volkswagen,Golf,10977,2,34961
,,,Skoda,Octavia,10840,2,112976
,,,Volkswagen,Golf,10350,2,115400
,,,Skoda,Octavia,10799,2,180000
,,,Ford,Fiesta,9900,1,25000
0,93077,Bad Abbach,Skoda,Fabia,9990,1,58372
,,,Opel,Corsa,9800,1,47156
,,,Volkswagen,Polo GTI,9800,1,29610
,,,Mazda,2,9980,1,20550
,,,Renault,ZOE,9900,1,48000
,,,Volkswagen,Polo,9950,1,86800
,,,Honda,Civic,23990,4,12
,,,Mazda,MX-5,26900,5,4474
1,76332,Bad Herrenalb,Hyundai,i30,29551,5,400
,,,Volkswagen,Golf GTI,26770,5,18173
,,,Skoda,Octavia,28920,5,13900
,,,Ford,Focus,24990,4,19100
,,,Volkswagen,Golf Sportsvan,25480,5,15
,,,Skoda,Octavia,26990,5,24300
,,,Skoda,Octavia,29990,5,15071
,,,Volkswagen,Golf Sportsvan,23888,4,9391
,,,Volkswagen,Golf Variant,24390,4,17481
,,,Volkswagen,Golf,24890,4,13416
,,,Volkswagen,Golf,24890,4,9100
,,,Volkswagen,Golf,24444,4,3811
,,,Mazda,3,23790,4,4
,,,Hyundai,i30,24980,4,5251
0,35279,Neustadt,Skoda,Octavia,24700,4,39300
,74072,Heilbronn,Volkswagen,Golf,23780,4,10327
,,,Volkswagen,Polo,7850,1,71920
,,,Volkswagen,Polo,7860,1,44300
,,,Opel,Corsa,7989,1,6250
,,,Volkswagen,Polo,7999,1,122000
0,85375,Neufahrn bei Freising,Toyota,Yaris,7890,1,84600
,,,Ford,Fiesta,7900,1,15200
,,,Renault,Clio,7890,1,58200
,,,Mazda,2,7990,1,49200
,,,Volkswagen,Polo,7850,1,71920
,,,Volkswagen,Polo,8450,1,88149
,,,Opel,Corsa,8500,1,46000
,,,Volkswagen,Polo,8440,1,153420
0,33397,Rietberg,Volkswagen,Polo,8390,1,36500
,,,Opel,Corsa,8490,1,72200
,,,Renault,Clio,8050,1,97550
0,67360,Lingenfeld,Ford,Fiesta,8450,1,27000
,,,Suzuki,Swift,8700,1,90348
,,,Volkswagen,Polo,8900,1,102197
1,80937,M√ºnchen,Volkswagen,Polo,8880,1,50200
,,,Toyota,Yaris,8900,1,40000
0,4249,leipzig,Ford,Fiesta,8990,1,11000
,,,Opel,Corsa,8990,1,41833
,,,Suzuki,Swift,8990,1,29000
,,,Volkswagen,Polo,9200,1,108000
,,,Volkswagen,Polo,9489,1,32874
,,,Volkswagen,Polo,9600,1,21250
,,,Volkswagen,Polo,9600,1,21250
,,,Volkswagen,Tiguan,9499,1,134000
,2625,Bautzen,Volkswagen,Touareg,8950,1,160769
,,,Suzuki,Jimny,9100,1,19000
,,,Kia,Sorento,8900,1,129000
,,,Volkswagen,Tiguan,9900,1,119000
,,,Suzuki,Jimny,9950,1,84000
0,81673,M√ºnchen,Volkswagen,Touareg,10500,2,100000
,,,Volkswagen,Touareg,10650,2,164000
,,,Volkswagen,Tiguan,10000,2,48000
,,,Volkswagen,Touareg,11500,2,61288
,47804,Krefeld,Volkswagen,Touareg,11500,2,61288
,,,Volkswagen,Touareg,11500,2,61288
,,,Volkswagen,Touareg,11500,2,49825
,,,Volkswagen,Tiguan,12000,2,132000
,,,Nissan,X-Trail,12000,2,51823
,,,Suzuki,Grand Vitara,12650,2,52000
,,,Volkswagen,Touareg,15700,3,190000
,,,Suzuki,Vitara,13900,2,38855
,,,Volkswagen,Touareg,15827,3,228000
,,,Volkswagen,Tiguan,16300,3,49200
,,,Hyundai,Santa Fe,15200,3,67000
,,,Volkswagen,Tiguan,14950,2,69000
0,60385,frankfurt,Volkswagen,Touareg,15827,3,228000
,,,Volkswagen,Touareg,14400,2,96500
,,,Volkswagen,Tiguan,15990,3,83383
,,,Volkswagen,Tiguan,14980,2,32995
,,,Volkswagen,Tiguan,13400,2,86000
1,87600,Kaufbeuren,Volkswagen,Tiguan,14950,2,76942
0,15848,Friedland,Suzuki,Grand Vitara,13350,2,102000
,,,Suzuki,Jimny,15490,3,28750
,,,Volkswagen,Tiguan,16300,3,49200
,,,Volkswagen,Polo,21400,4,1
,,,Volkswagen,Golf,7500,1,50000
,,,Volkswagen,Golf,7999,1,100000
,,,Hyundai,i30,7400,1,59500
,,,Volkswagen,Golf Plus,7980,1,63000
,,,Volkswagen,Golf,7500,1,40000
,,,Toyota,Auris,7400,1,135000
,,,Opel,Astra,7999,1,133000
,,,Mazda,3,7390,1,92650
,,,Toyota,Auris,7500,1,118589
,,,Hyundai,i30,7999,1,67406
,,,Skoda,Octavia,7600,1,122500
,,,Volkswagen,Golf,7990,1,164290
0,63820,Elsenfeld,Ford,Focus,7590,1,52314
,,,Volkswagen,Golf Sportsvan,7500,1,39800
,,,Volkswagen,Golf,7500,1,50000
0,63505,Langenselbold,Volkswagen,Golf,7900,1,120600
,,,Volkswagen,Golf,7690,1,110245
,,,Toyota,Auris,7400,1,135000
0,42651,Solingen,Volkswagen,Golf,7999,1,184000
,,,Toyota,Auris,7500,1,118589
,,,Opel,Astra,8000,1,120400
,,,Volkswagen,Golf Variant,7500,1,60500
,,,Volkswagen,Golf,8000,1,160000
,,,Volkswagen,Golf,7889,1,52000
,,,Skoda,Rapid/Spaceback,7900,1,127000
,,,Ford,Focus,7500,1,41000
,71672,Marbach,Toyota,Auris,7400,1,135000
,,,Toyota,Prius,8004,1,145569
,,,Toyota,Auris,7900,1,69500
0,12047,Berlin,Skoda,Octavia,7500,1,148471
,,,Ford,Focus,7700,1,145920
,,,Ford,Focus,7500,1,41000
,,,Volkswagen,Golf,7590,1,30980
0,88045,friedrichshafen,Toyota,Auris,7400,1,135000
,,,Volkswagen,Touareg,16950,3,98000
,,,Ford,Fiesta,22795,4,688
,,,Opel,Ampera,32000,6,29000
,,,Skoda,Octavia,32950,6,10
,,,Skoda,Octavia,30910,6,5
,,,Hyundai,iX35,13900,2,59000
,,,Nissan,Qashqai,14400,2,9950
,,,Kia,Sportage,13900,2,74000
,,,Kia,Sportage,13090,2,83575
,,,Opel,Mokka,13410,2,54600
,,,Renault,Captur,12730,2,31000
,,,Kia,Sportage,13990,2,84000
,,,Opel,Mokka,14220,2,57580
,,,Renault,Captur,13599,2,0
,,,Opel,Mokka,12900,2,42550
,,,Ford,EcoSport,13950,2,1950
,,,Ford,Kuga,14400,2,43756
,,,Renault,Captur,13919,2,5457
,,,Hyundai,iX35,13500,2,50000
,,,Skoda,Yeti,14300,2,30500
,,,Opel,Mokka,13900,2,42140
,,,Ford,Kuga,13950,2,63388
0,66969,Lemberg,Skoda,Yeti,13990,2,33436
,,,Ford,Fiesta,23200,4,0
,,,Volkswagen,Polo,5200,1,140000
,,,Suzuki,Swift,5250,1,97100
,,,Ford,Fiesta,5000,1,122000
0,44339,Dortmund,Opel,Corsa,5500,1,17000
,,,Suzuki,Swift,5000,1,145000
,,,Volkswagen,Polo,5699,1,99875
,,,Volkswagen,Polo,5200,1,44000
0,21279,Hollenstedt,Ford,Fiesta,5450,1,105000
,,,Ford,Fiesta,5450,1,119659
,,,Honda,Jazz,5490,1,150000
,,,Hyundai,i20,5000,1,18500
,,,Ford,Fiesta,5400,1,15400
,21337,L√ºneburg,Ford,Fiesta,5400,1,32000
,,,Toyota,Yaris,5700,1,13000
,,,Kia,Rio,5150,1,68780
1,53881,Euskirchen,Renault,Clio,5700,1,44000
,,,Volkswagen,Polo,5000,1,114000
,,,Volkswagen,Polo,5400,1,42000
,,,Opel,Corsa,5249,1,100000
,,,Opel,Corsa,5650,1,87000
,,,Suzuki,Swift,6000,1,29000
,,,Skoda,Fabia,5990,1,44815
,,,Volkswagen,Polo,6000,1,66000
,,,Renault,Clio,6100,1,11700
,,,Opel,Corsa,6000,1,69999
,,,Volkswagen,Polo,6000,1,140000
,,,Volkswagen,Polo,5890,1,55684
,,,Renault,Clio,5990,1,134000
,,,Ford,Fiesta,5990,1,77000
,,,Ford,Fiesta,5900,1,44635
,,,Volkswagen,Polo,5999,1,60000
,,,Volkswagen,Polo,6000,1,37267
,,,Ford,Fiesta,6000,1,32190
,,,Volkswagen,Polo,6000,1,56222
,,,Hyundai,i20,5900,1,89300
,,,Renault,Clio,6700,1,35000
,,,Volkswagen,Polo,6500,1,56000
,,,Volkswagen,Polo Cross,6800,1,119000
,,,Nissan,Micra,6900,1,56000
,,,Hyundai,i20,6499,1,75452
,,,Toyota,Yaris,6400,1,28000
0,22045,Hamburg,Honda,Jazz,6500,1,66723
,,,Volkswagen,Polo,6700,1,85000
,,,Suzuki,Swift,6990,1,33000
,,,Volkswagen,Polo Cross,7200,1,92300
,,,Hyundai,i20,6890,1,44200
,,,Honda,Jazz,6850,1,74500
,,,Renault,Clio,6800,1,44000
,,,Ford,Fiesta,6400,1,39500
,,,Ford,Fiesta,6890,1,37220
,,,Skoda,Fabia,7199,1,34456
,,,Ford,Fiesta,7000,1,67000
,,,Volkswagen,Polo Cross,7200,1,92300
,,,Suzuki,Swift,6780,1,73657
,,,Kia,Rio,7300,1,11
,,,Skoda,Fabia,7400,1,2700
,,,Renault,Clio,7250,1,53266
,,,Renault,Clio,7290,1,30245
,,,Ford,Fiesta,7450,1,66671
,,,Ford,Fiesta,7300,1,41000
,67435,Neustadt,Renault,Clio,7590,1,53500
,,,Renault,Clio,7480,1,74000
,,,Volkswagen,Tiguan,19390,3,74850
,,,Nissan,X-Trail,25970,5,13640
,,,Toyota,Land Cruiser,19800,3,82000
,,,Volkswagen,Tiguan,24850,4,21406
,,,Suzuki,Jimny,20875,4,1900
,,,Kia,Sorento,24960,4,12073
,,,Suzuki,Vitara,22990,4,9500
0,64658,F√ºrth,Volkswagen,Tiguan,22000,4,42000
,,,Toyota,Prius,5000,1,75000
,,,Volkswagen,Golf,5100,1,69000
,,,Mazda,MX-5,5000,1,144165
,,,Kia,Pro_ceed,5980,1,114000
,,,Volkswagen,Golf Variant,5995,1,150000
,47137,Duisburg,Volkswagen,Golf,6250,1,142000
,,,Skoda,Octavia,6000,1,9987
,,,Opel,Astra,5800,1,103000
0,46047,Oberhausen,Volkswagen,Golf GTI,6399,1,110159
1,56332,Burgen,Ford,Focus,5990,1,106750
,,,Volkswagen,Golf Plus,5950,1,111356
,,,Opel,Astra,5998,1,97605
,,,Mazda,MX-5,6100,1,138106
0,45329,Essen,Volkswagen,Golf,5900,1,108000
,,,Hyundai,i30,5690,1,110000
,,,Opel,Astra,5900,1,142000
,,,Ford,Focus,5980,1,117000
,,,Volkswagen,Golf,6050,1,117829
,,,Volkswagen,Golf GTI,5990,1,166000
,,,Volkswagen,Golf GTI,5900,1,180000
,,,Opel,Astra,5988,1,45000
,,,Opel,Astra,6400,1,118900
,,,Skoda,Octavia,6000,1,9987
,,,Hyundai,i30,5600,1,90309
,,,Volkswagen,Golf,5599,1,101000
,,,Skoda,Octavia,5800,1,129000
,85435,Erding,Skoda,Octavia,5990,1,139000
,,,Opel,Astra,6499,1,81000
,,,Volkswagen,Golf Plus,6300,1,165000
,,,Mazda,MX-5,6500,1,47000
,,,Volkswagen,Golf,6000,1,110850
0,70329,Stuttgart,Volkswagen,Golf,6000,1,103000
,,,Opel,Astra,5600,1,91000
,,,Volkswagen,Golf,5900,1,110000
,,,Ford,Focus,5700,1,90000
,,,Volkswagen,Golf,6000,1,62500
0,85055,Ingolstadt,Volkswagen,Golf,6200,1,151500
0,68782,Br√ºhl,Volkswagen,Golf,5600,1,82500
,12353,Berlin,Opel,Astra,6300,1,122000
,,,Opel,Astra,6000,1,95000
,,,Renault,Megane,6990,1,63138
,,,Ford,Focus,6980,1,101107
1,38446,Wolfsburg,Hyundai,i30,6999,1,80000
,,,Volkswagen,Golf Variant,6950,1,119572
,,,Volkswagen,Eos,6600,1,165324
,,,Honda,Civic,7000,1,148000
,,,Volkswagen,Golf,6580,1,66532
,,,Toyota,Auris,6580,1,80300
,,,Volkswagen,Golf,6650,1,125000
,,,Volkswagen,Golf,6900,1,108000
0,85609,Aschheim,Skoda,Octavia,6600,1,137800
,,,Ford,Focus,6980,1,105504
,,,Toyota,Auris,6580,1,80300
,,,Toyota,Corolla Verso,6950,1,110900
0,52249,Eschweiler,Hyundai,i30,6850,1,41000
,,,Honda,Civic,7000,1,148000
0,47669,Wachtendonk,Ford,Focus,6800,1,108514
,,,Honda,Civic,7000,1,148000
,,,Mazda,3,6990,1,76300
,,,Ford,Focus,11600,2,71051
0,63811,Stockstadt,Volkswagen,Golf Variant,11250,2,78923
,,,Renault,Megane,11580,2,77100
,,,Honda,Civic,11490,2,11000
,,,Opel,Astra,11500,2,56000
,,,Hyundai,i30,11200,2,70500
,,,Volkswagen,Polo,17890,3,0
,,,Skoda,Fabia,17950,3,1
,,,Hyundai,i20,16990,3,160
,,,Volkswagen,Tiguan,5900,1,94500
,,,Kia,Sorento,6500,1,22800
,,,Suzuki,Jimny,6500,1,14000
,,,Suzuki,Jimny,7000,1,86000
,,,Volkswagen,Tiguan,7000,1,105
,,,Volkswagen,Tiguan,6599,1,117000
,,,Volkswagen,Tiguan,5900,1,94500
,,,Volkswagen,Tiguan,7450,1,108200
,,,Volkswagen,Tiguan,5900,1,94500
,,,Suzuki,Jimny,6700,1,100900
,,,Opel,Insignia,15990,3,77500
,,,Volkswagen,Passat Variant,16930,3,87537
,,,Ford,Mondeo,16790,3,20323
,,,Ford,Mondeo,16790,3,20323
,,,Ford,Mondeo,15600,3,71000
,,,Volkswagen,Passat Variant,14980,2,148854
,,,Volkswagen,Passat Variant,16980,3,94900
,4177,Leipzig,Mazda,6,16890,3,57741
,,,Opel,Insignia,14999,2,39950
,,,Volkswagen,Scirocco,14950,2,255000
,,,Volkswagen,Passat Variant,16900,3,149950
,,,Skoda,Yeti,14300,2,30500
,,,Ford,EcoSport,13490,2,38200
,,,Volkswagen,Tiguan,16790,3,59333
,,,Suzuki,Vitara,16750,3,8
,,,Opel,Mokka,14990,2,28591
,,,Hyundai,iX35,16999,3,76892
,,,Nissan,Qashqai,7500,1,27000
,,,Toyota,Land Cruiser,39980,6,20
,,,Volkswagen,Tiguan,37490,6,22900
,,,Volkswagen,Tiguan,35700,6,33000
,,,Volkswagen,Touareg,29539,5,58350
,,,Volkswagen,Tiguan,17100,3,11584
,,,Hyundai,iX35,8400,1,45000
,,,Ford,Kuga,11920,2,139437
,,,Hyundai,iX35,9850,1,92000
,,,Toyota,Corolla Verso,5950,1,100000
,,,Volkswagen,Golf GTI,5900,1,180000
,,,Volkswagen,Golf,6990,1,105000
,,,Volkswagen,Golf,6999,1,132086
,39057,Eppan,Volkswagen,Tiguan,22990,4,50
,,,Hyundai,Santa Fe,21890,4,48500
,,,Volkswagen,Tiguan,22480,4,34443
,,,Volkswagen,Golf,7150,1,128752
,,,Volkswagen,Passat Alltrack,36840,6,9440
0,1623,Lommatzsch,Volkswagen,Passat Variant,36850,6,27500
0,13055,Berlin,Mazda,6,7499,1,194500
,,,Volkswagen,Passat,8990,1,101233
,,,Toyota,Avensis,11980,2,71185
,,,Volkswagen,Passat Alltrack,12500,2,47850
,,,Ford,Mondeo,13550,2,94165
0,29574,Ebstorf,Volkswagen,Passat Variant,14280,2,44983
,,,Ford,Mondeo,15940,3,45234
,,,Suzuki,Swift,5795,1,92800
,,,Opel,Corsa,6990,1,58000
,,,Volkswagen,Polo,6500,1,86500
,,,Suzuki,Swift,7300,1,42500
,,,Volkswagen,Golf Sportsvan,7500,1,39800
,,,Ford,Fiesta,7990,1,60771
,,,Volkswagen,Polo,7999,1,122000
,,,Opel,Corsa,7990,1,45106
,,,Opel,Corsa,8490,1,57700
,,,Opel,Corsa,8699,1,44000
,,,Renault,Clio,9500,1,37709
,,,Ford,Focus,8490,1,48000
,,,Hyundai,i30,8990,1,15000
,,,Ford,Focus,8900,1,56105
,,,Volkswagen,Golf Plus,10990,2,82250
,,,Skoda,Octavia,10980,2,63987
,,,Volkswagen,Golf,10799,2,70000
0,73037,G√∂ppingen,Volkswagen,Golf,10999,2,40000
,,,Ford,Fiesta,18190,3,0
,,,Renault,Clio,9998,1,28455
,,,Mazda,CX-5,26780,5,18485
,,,Ford,Kuga,27970,5,5
,,,Opel,Cascada,18900,3,23000
,,,Skoda,Superb,19825,3,38650
0,33335,G√ºtersloh,Opel,Insignia,22990,4,23391
,,,Ford,Mondeo,31890,6,9356
,,,Kia,Rio,15450,3,5
,,,Volkswagen,Polo GTI,15420,3,83160
,,,Skoda,Rapid/Spaceback,11950,2,27098
,,,Volkswagen,Golf,12939,2,40944
,,,Hyundai,i30,11990,2,20748
,,,Ford,Focus,13300,2,25500
,,,Opel,Astra,14500,2,29866
,,,Opel,Astra,13990,2,9593
,,,Renault,Megane,16798,3,5550
,,,Ford,Focus,16490,3,9
,,,Ford,Focus,16680,3,1
,,,Volkswagen,Golf,21589,4,11193
,,,Skoda,Octavia,18990,3,145000
,,,Volkswagen,Golf,19945,3,11670
,,,Skoda,Octavia,22480,4,77989
,,,Skoda,Octavia,18900,3,2000
,,,Volkswagen,Golf,19990,3,34722
,,,Volkswagen,Golf,19980,3,22904
,,,Hyundai,i30,19890,3,1
,,,Ford,Fiesta,10990,2,79699
,,,Volkswagen,Polo,13890,2,5500
,,,BMW,320,29400,5,24800
,,,BMW,330,35889,6,16416
,,,BMW,316,14590,2,59887
0,63069,Offenbach am Main,BMW,316,14590,2,59887
0,65203,wiesbaden,BMW,116,14500,2,67000
,,,BMW,118,28850,5,0
,,,BMW,118,23990,4,11540
,,,BMW,X3,24980,4,79625
,,,BMW,X1,14450,2,98894
,,,BMW,X3,7400,1,134000
,,,BMW,118,23990,4,15
,,,BMW,116,15900,3,30000
,,,BMW,X5,11900,2,118000
0,63820,Elsenfeld,BMW,X5,35990,6,52365
,,,BMW,116,15770,3,60000
,,,BMW,320,9390,1,105000
,,,BMW,X5,11600,2,46000
1,84503,Alt√∂tting,BMW,X5,35790,6,108545
,,,BMW,120,26840,5,18550
,,,BMW,X3,35630,6,62979
,,,BMW,X1,11990,2,55400
,,,BMW,520,23380,4,74718
,,,BMW,X1,13800,2,43000
0,18057,Rostock,BMW,X5,11600,2,46000
0,53332,bornheim,BMW,X5,11600,2,46000
,,,BMW,X5,11600,2,46000
,,,BMW,X5,38900,6,64000
,,,BMW,120,8600,1,151500
,,,BMW,520,22990,4,74426
,,,BMW,118,5100,1,118000
0,65606,Villmar,BMW,118,17999,3,39987
,,,BMW,320,21800,4,89000
,,,BMW,335,16490,3,22000
,,,BMW,X1,13500,2,42450
,,,BMW,X3,6990,1,154226
,,,BMW,118,17490,3,74466
0,26446,Friedeburg,BMW,X5,11330,2,68000
,,,BMW,320,9000,1,92500
,,,BMW,520,9000,1,72000
0,88046,Friedrichshafen,BMW,520,9000,1,170000
,,,BMW,520,8999,1,150000
,,,BMW,320,8890,1,150000
,,,BMW,318,5800,1,141427
,,,BMW,116,14900,2,46537
,,,BMW,X3,15000,3,60800
0,95111,Rehau,BMW,X3,15000,3,60800
,,,BMW,330,29975,5,23985
,,,BMW,X3,14900,2,25100
,,,BMW,X3,14884,2,81055
,,,BMW,320,15999,3,38000
,,,BMW,330,29998,5,30000
,79761,waldshut,BMW,520,21980,4,37256
,,,BMW,X3,14800,2,98700
,,,BMW,320,8700,1,135700
,73525,schw√§bisch Gm√ºnd,BMW,320,8700,1,178000
,,,BMW,325,19990,3,71820
0,21033,Hamburg,BMW,X1,17490,3,104100
,,,BMW,X4,28400,5,50000
,,,BMW,116,12980,2,132400
,,,BMW,318,16980,3,78000
,,,BMW,116,12930,2,101354
0,58769,nachrodt,BMW,116,5650,1,129800
,,,BMW,320,8450,1,149830
,,,BMW,528,23990,4,74600
,,,BMW,X1,10970,2,65766
,,,BMW,118,9900,1,93100
,,,BMW,320,12350,2,130000
0,59379,Selm,BMW,523,17700,3,109000
,,,BMW,116,5555,1,150000
,,,BMW,318,5480,1,119863
,,,BMW,116,5520,1,139000
0,28779,Bremen,BMW,118,9750,1,160000
0,79194,GUNDELFINGEN,BMW,320,7200,1,132700
,,,BMW,116,12490,2,79500
,,,BMW,X3,31900,6,70000
1,75015,Bretten,BMW,320,12440,2,61500
,,,BMW,320,12440,2,61500
,,,BMW,116,5500,1,82000
,,,BMW,318,11680,2,128266
,,,BMW,320,19998,3,36659
,,,BMW,318,24900,4,7000
,,,BMW,118,14750,2,32726
,,,BMW,118,19980,3,10510
,,,BMW,X1,35900,6,4500
,,,BMW,320,5800,1,147000
0,81539,m√ºnchen,BMW,520,15500,3,166000
,,,BMW,118,6300,1,112500
,,,BMW,X3,21500,4,117890
0,73033,G√∂ppingen,BMW,535,16200,3,46000
0,46244,Bottrop,BMW,135,28250,5,48000
,,,BMW,X3,14000,2,44580
,,,BMW,X3,14000,2,55410
,,,BMW,X3,14000,2,55410
,,,BMW,118,9600,1,49900
,80807,m√ºnchen,BMW,525,28660,5,44895
,,,BMW,320,12200,2,182000
,,,BMW,X3,9450,1,127500
,,,BMW,320,15000,3,56700
,,,BMW,320,14990,2,128000
,,,BMW,320,14990,2,60000
,,,BMW,118,6200,1,120000
,,,BMW,320,5700,1,132000
,,,BMW,320,5700,1,230000
,,,BMW,320,6999,1,106323
1,94436,Simbach,BMW,320,6990,1,98597
,,,BMW,318,5300,1,124000
,,,BMW,525,22440,4,101982
,,,BMW,525,22440,4,101982
,,,BMW,118,7490,1,80000
,,,BMW,118,7000,1,150000
,,,BMW,320,12000,2,60000
,,,BMW,320,12000,2,60000
0,4442,Zwenkau,BMW,X3,6240,1,121058
0,67105,Schifferstadt,BMW,116,6300,1,122000
,,,BMW,320,11990,2,89000
0,27283,Verden (Aller),BMW,X1,7900,1,53000
,,,BMW,320,6700,1,137000
,,,BMW,116,7800,1,170000
,,,BMW,530,14200,2,165000
,,,BMW,125,14999,2,80000
,,,BMW,320,11950,2,100098
,,,BMW,318,23990,4,18638
,,,BMW,520,14991,2,88616
,,,BMW,114,10900,2,67700
0,14480,Potsdam,BMW,316,7850,1,130000
,,,BMW,320,8000,1,150000
,,,BMW,X1,9990,1,176500
,,,BMW,320,14680,2,129372
,,,BMW,320,7990,1,147901
,,,BMW,530,10800,2,40100
,,,BMW,X3,9999,1,135000
,,,BMW,318,8700,1,145000
0,63263,Neu-Isenburg,BMW,530,9500,1,124000
,,,BMW,125,12500,2,102500
,,,BMW,318,5200,1,108000
0,65779,Kelkheim Am Taunus,BMW,X1,16000,3,48000
,,,BMW,520,19980,3,74300
0,85737,Ismaning,BMW,118,8600,1,48200
,,,BMW,335,14400,2,102000
,,,BMW,116,10999,2,97000
,,,BMW,125,16490,3,63500
,,,BMW,530,14000,2,36000
,,,BMW,530,14000,2,36000
,,,BMW,320,18999,3,48000
,,,BMW,530,13995,2,220390
,,,BMW,520,19900,3,119000
,,,BMW,525,21899,4,108156
,,,BMW,320,7900,1,79000
,,,BMW,320,7900,1,236000
0,41334,Nettetal,BMW,118,9200,1,113000
,,,BMW,118,13995,2,39000
,,,BMW,118,13990,2,98850
,58239,Schwerte,BMW,320,10990,2,134000
0,46562,Voerde,BMW,118,6000,1,130000
,,,BMW,125,16490,3,63500
,,,BMW,120,7590,1,148762
,,,BMW,330,14000,2,29000
,,,BMW,330,14000,2,29000
,,,BMW,525,14700,2,99999
,,,BMW,320,5500,1,167373
,,,BMW,320,5500,1,87500
,,,BMW,320,5500,1,195000
,,,BMW,320,5500,1,87500
,,,BMW,118,18950,3,36473
0,73467,Kirchheim,BMW,114,9950,1,61000
,,,BMW,X1,15800,3,108000
,,,BMW,530,17100,3,36101
1,35080,Bad Endbach,BMW,320,6750,1,121892
,,,BMW,320,6750,1,121892
,,,BMW,530,29690,5,35498
,,,BMW,125,18000,3,166500
,,,BMW,318,13900,2,92800
,,,BMW,X5,30000,6,143000
,,,BMW,316,10000,2,131000
,,,BMW,320,9990,1,97000
,,,BMW,320,10900,2,181000
,,,BMW,120,11700,2,91085
0,22547,Hamburg,BMW,335,24990,4,28438
,,,BMW,525,14000,2,134972
,,,BMW,525,15500,3,165100
,,,BMW,525,15500,3,105000
,,,BMW,535,17900,3,186780
,,,BMW,320,5950,1,152720
,,,BMW,320,6000,1,53500
,,,BMW,320,6000,1,53500
,,,BMW,320,6000,1,53500
,,,BMW,320,6000,1,130000
,,,BMW,320,6000,1,53500
,,,BMW,320,6000,1,175000
,,,BMW,550,27900,5,153362
,,,BMW,520,11350,2,147000
0,2953,Bad Muskau,BMW,325,17900,3,143000
,,,BMW,X3,17800,3,122000
0,12557,Berlin,BMW,530,17480,3,82826
,,,BMW,X3,12299,2,149956
,,,BMW,120,9800,1,62000
,,,BMW,116,6850,1,116200
,,,BMW,X3,6000,1,189000
,,,BMW,320,16950,3,56800
0,29556,Suderburg,BMW,320,17850,3,142000
,,,BMW,520,7775,1,106900
,,,BMW,320,12990,2,57100
,,,BMW,535,19999,3,249980
,,,BMW,116,9990,1,62119
,94428,Eichendorf,BMW,530,9200,1,95000
,,,BMW,530,9200,1,95000
,,,BMW,525,15500,3,105000
,,,BMW,118,15200,3,69000
,,,BMW,X1,9910,1,57000
,,,BMW,320,23350,4,50000
,25524,Itzehoe,BMW,116,5790,1,141000
,,,BMW,520,12050,2,149685
,,,BMW,X3,12000,2,118000
0,1187,Dresden,BMW,525,19980,3,99500
,,,BMW,318,22990,4,12900
,,,BMW,X5,29450,5,36856
0,57583,Nauroth,BMW,116,8300,1,63000
,,,BMW,116,9500,1,130000
,,,BMW,X3,19990,3,99500
,,,BMW,320,6600,1,285400
,,,BMW,320,6000,1,53500
,,,BMW,530,30849,6,65432
,,,BMW,116,6000,1,105000
,,,BMW,X1,9850,1,198900
,,,BMW,318,32800,6,23314
,,,BMW,520,11950,2,140593
,,,BMW,320,22990,4,57900
,,,BMW,X1,22990,4,45700
,,,BMW,530,29950,5,66723
0,27749,Delmenhorst,BMW,530,13500,2,51237
,,,BMW,530,13500,2,51237
0,93051,Regensburg,BMW,530,13500,2,51237
0,33378,Rheda-Wiedenbr√ºck,BMW,520,27940,5,65582
,,,BMW,118,8000,1,51000
,,,BMW,535,25990,5,99000
,,,BMW,X5,26380,5,54461
,,,BMW,X5,26600,5,125000
,,,BMW,520,35970,6,12490
,,,BMW,318,14980,2,72457
0,13435,Berlin,BMW,118,5790,1,188769
,,,BMW,X1,19870,3,96700
,,,BMW,116,9850,1,89000
,,,BMW,118,14990,2,43750
,,,BMW,320,12800,2,118090
0,18184,Neuendorf,BMW,318,20500,4,40000
,,,BMW,X6,22900,4,130000
,,,BMW,118,8850,1,143000
,,,BMW,X3,27900,5,30355
,,,BMW,X3,27900,5,30355
,,,BMW,535,18900,3,115000
,,,BMW,535,22820,4,110000
,,,BMW,116,5000,1,154042
,,,BMW,318,22590,4,54490
,65779,Kelkheim,BMW,318,10620,2,93700
,,,BMW,335,20500,4,87000
,,,BMW,320,17480,3,69761
0,46537,Dinslaken,BMW,116,6700,1,148692
,,,BMW,X3,12000,2,122000
,,,BMW,X3,12000,2,100000
,,,BMW,X1,22790,4,86413
0,60389,Frankfurt,BMW,330,25799,5,23000
,,,BMW,116,10500,2,89500
0,70771,T√ºbingen-M√∂ssingen,BMW,520,12500,2,156000
0,10115,Berlin,BMW,530,16400,3,57900
,,,BMW,116,5899,1,79000
0,45329,Essen,BMW,530,8980,1,123400
,,,BMW,116,9000,1,100000
,,,BMW,118,11900,2,89000
,,,BMW,320,6450,1,121892
,,,BMW,116,8000,1,53000
,,,BMW,X3,17100,3,43250
,,,BMW,116,7990,1,130000
,,,BMW,118,8000,1,51000
0,12047,Berlin,BMW,318,8000,1,110000
,,,BMW,X1,9450,1,172990
,,,BMW,116,7900,1,68500
,,,BMW,116,6450,1,134000
